{"urls": [{"name": "18", "url": "https://gitdl.cn/https://raw.githubusercontent.com/fish2018/tvbox/master/18.txt"},
          {"name": "9918(H)", "url": "https://gitdl.cn/https://raw.githubusercontent.com/fish2018/tvbox/master/9918(H).txt"},
          {"name": "FenWe", "url": "https://gitdl.cn/https://raw.githubusercontent.com/fish2018/tvbox/master/FenWe.txt"},
          {"name": "Gmmtekamu-18", "url": "https://gitdl.cn/https://raw.githubusercontent.com/fish2018/tvbox/master/Gmmtekamu-18.txt"},
          {"name": "Guard-H", "url": "https://gitdl.cn/https://raw.githubusercontent.com/fish2018/tvbox/master/Guard-H.txt"},
          {"name": "Huhujun", "url": "https://gitdl.cn/https://raw.githubusercontent.com/fish2018/tvbox/master/Huhujun.txt"},
          {"name": "Peter(H)", "url": "https://gitdl.cn/https://raw.githubusercontent.com/fish2018/tvbox/master/Peter(H).txt"},
          {"name": "PyramidStore", "url": "https://gitdl.cn/https://raw.githubusercontent.com/fish2018/tvbox/master/PyramidStore.txt"},
          {"name": "Study520x", "url": "https://gitdl.cn/https://raw.githubusercontent.com/fish2018/tvbox/master/Study520x.txt"},
          {"name": "XXX1", "url": "https://gitdl.cn/https://raw.githubusercontent.com/fish2018/tvbox/master/XXX1.txt"},
          {"name": "XXX6", "url": "https://gitdl.cn/https://raw.githubusercontent.com/fish2018/tvbox/master/XXX6.txt"},
          {"name": "XXXXXZ", "url": "https://gitdl.cn/https://raw.githubusercontent.com/fish2018/tvbox/master/XXXXXZ.txt"},
          {"name": "baip9+9", "url": "https://gitdl.cn/https://raw.githubusercontent.com/fish2018/tvbox/master/baip9+9.txt"},
          {"name": "dalazhi-18", "url": "https://gitdl.cn/https://raw.githubusercontent.com/fish2018/tvbox/master/dalazhi-18.txt"},
          {"name": "fenwe.ziyong", "url": "https://gitdl.cn/https://raw.githubusercontent.com/fish2018/tvbox/master/fenwe.ziyong.txt"},
          {"name": "fenwed.xwoai18+", "url": "https://gitdl.cn/https://raw.githubusercontent.com/fish2018/tvbox/master/fenwed.xwoai18+.txt"},
          {"name": "kjsc0310", "url": "https://gitdl.cn/https://raw.githubusercontent.com/fish2018/tvbox/master/kjsc0310.txt"},
          {"name": "live", "url": "https://gitdl.cn/https://raw.githubusercontent.com/fish2018/tvbox/master/live.txt"},
          {"name": "mengzehe[516]", "url": "https://gitdl.cn/https://raw.githubusercontent.com/fish2018/tvbox/master/mengzehe[516].txt"},
          {"name": "zzzgit", "url": "https://gitdl.cn/https://raw.githubusercontent.com/fish2018/tvbox/master/zzzgit.txt"},
          {"name": "分享者18+", "url": "https://gitdl.cn/https://raw.githubusercontent.com/fish2018/tvbox/master/分享者18+.txt"},
          {"name": "千方百纪福利", "url": "https://gitdl.cn/https://raw.githubusercontent.com/fish2018/tvbox/master/千方百纪福利.txt"},
          {"name": "娱乐影院03", "url": "https://gitdl.cn/https://raw.githubusercontent.com/fish2018/tvbox/master/娱乐影院03.txt"},
          {"name": "娱乐影院04", "url": "https://gitdl.cn/https://raw.githubusercontent.com/fish2018/tvbox/master/娱乐影院04.txt"},
          {"name": "娱乐影院05", "url": "https://gitdl.cn/https://raw.githubusercontent.com/fish2018/tvbox/master/娱乐影院05.txt"},
          {"name": "娱乐影院06", "url": "https://gitdl.cn/https://raw.githubusercontent.com/fish2018/tvbox/master/娱乐影院06.txt"},
          {"name": "娱乐影院07", "url": "https://gitdl.cn/https://raw.githubusercontent.com/fish2018/tvbox/master/娱乐影院07.txt"},
          {"name": "娱乐影院08", "url": "https://gitdl.cn/https://raw.githubusercontent.com/fish2018/tvbox/master/娱乐影院08.txt"},
          {"name": "娱乐影院09", "url": "https://gitdl.cn/https://raw.githubusercontent.com/fish2018/tvbox/master/娱乐影院09.txt"},
          {"name": "性用社", "url": "https://gitdl.cn/https://raw.githubusercontent.com/fish2018/tvbox/master/性用社.txt"},
          {"name": "最新", "url": "https://gitdl.cn/https://raw.githubusercontent.com/fish2018/tvbox/master/最新.txt"},
          {"name": "私人影院", "url": "https://gitdl.cn/https://raw.githubusercontent.com/fish2018/tvbox/master/私人影院.txt"},
          {"name": "绅士01", "url": "https://gitdl.cn/https://raw.githubusercontent.com/fish2018/tvbox/master/绅士01.txt"},
          {"name": "绅士02", "url": "https://gitdl.cn/https://raw.githubusercontent.com/fish2018/tvbox/master/绅士02.txt"},
          {"name": "飞机场11", "url": "https://gitdl.cn/https://raw.githubusercontent.com/fish2018/tvbox/master/飞机场11.txt"}]}